<PAMDataset>
  <SRS>GEOGCS[&quot;GCS_WGS_1984&quot;,DATUM[&quot;WGS_1984&quot;,SPHEROID[&quot;WGS_84&quot;,6378137.0,298.257223563]],PRIMEM[&quot;Greenwich&quot;,0.0],UNIT[&quot;Degree&quot;,0.0174532925199433]]</SRS>
  <GeoTransform> 1.2217629819173000e+002, 1.8000000000000001e-004, 0.0000000000000000e+000,-8.5784551765499000e+000, 0.0000000000000000e+000,-1.8000000000000001e-004</GeoTransform>
  <PAMRasterBand band="1">
    <NoDataValue>-9.99900000000000E+003</NoDataValue>
    <Metadata>
      <MDI key="STATISTICS_MAXIMUM">12.10000038147</MDI>
      <MDI key="STATISTICS_MEAN">0.27418407651032</MDI>
      <MDI key="STATISTICS_MINIMUM">0</MDI>
      <MDI key="STATISTICS_STDDEV">1.1573566112373</MDI>
    </Metadata>
  </PAMRasterBand>
</PAMDataset>
